"1","Denis","Brogniart"
"2","Baruch","Spinoza"
"3","Albert","Camus"
"1","Musiques"
"2","Voyages"
"3","test 1","hello
","2019-01-11 10:33:32","1","1"
"5","test 2","Je suis le test 2","2019-01-15 16:00:15","3","1"
"2","wilkenson.eliazar@gmail.com","aze","azerty","junior","asvb","user"
"4","wa@gmail.com","1234","azerty","junior",,"user"
"5","aze@a.fr","$2y$11$14bec9e756bdcc14cfdbcuMW0FsJ/.6V.lsnmJ9zal0ceH8/99Ugi","ee","ef","asvb","user"
"6","test@mail.com","$2y$11$16c066a25de58b4719ac2u//uj7PPl7XdI8OpsUDiZdeXhwYY/s7e","azerty","junior","azertyv","user"
"7","test1","$2y$11$949afccf89cf991728ad4Oy9NiLx6De3D6aNIC2DUWUmliP/guL2u","azerty","junior","wil","user"
"8","test2","$2y$11$b9aa7a8ed03bdb01790b2u.2.xSR3TD1p4ONbAjA8WR7RBAt.hTPm","azerty","junior","wil","user"
"9","admin@test.fr","$2y$11$bbcfb413fd9aa0e6756b3u/un/SY/6DZSbL.etAtZWkRNP3KGa5wO","azerty","junior","H","admin"
